{"initial_reset_timestamp": 1581631488.3391454, "timestamps": [1581631488.4702551, 1581631488.5447326, 1581631488.6106832, 1581631488.7077594, 1581631488.776757, 1581631488.8392425, 1581631488.9243588, 1581631488.9923635, 1581631489.0613565, 1581631489.1394699, 1581631489.1928496, 1581631489.2774708, 1581631489.339957, 1581631489.4195209, 1581631489.493377, 1581631489.5744867, 1581631489.6931016, 1581631489.775546, 1581631489.876039, 1581631489.9867325, 1581631490.0772696, 1581631490.1676772, 1581631490.2252314, 1581631490.3058474, 1581631490.3683379, 1581631490.4523365, 1581631490.5248494, 1581631490.6029572, 1581631490.66896, 1581631490.7379584, 1581631490.8850646, 1581631491.0130165, 1581631491.0883176, 1581631491.158622, 1581631491.229, 1581631491.3013158, 1581631491.3918157, 1581631491.4823735, 1581631491.5629544, 1581631491.6332517, 1581631491.7115397, 1581631491.7838607, 1581631491.8642533, 1581631491.9446056, 1581631492.0149105, 1581631492.0893571, 1581631492.153574, 1581631492.2238734, 1581631492.2861745, 1581631492.366559, 1581631492.4569197, 1581631492.5271835, 1581631492.6005788, 1581631492.667723, 1581631492.7479982, 1581631492.8283694, 1581631492.9087303, 1581631492.958938, 1581631493.037304, 1581631493.1118734, 1581631493.1744072, 1581631493.2379003, 1581631493.3003914, 1581631493.3693926, 1581631493.431878, 1581631493.5165, 1581631493.585499, 1581631493.6755362, 1581631493.7541556, 1581631493.8387702, 1581631493.8856404, 1581631493.97026, 1581631494.0548806, 1581631494.1394916, 1581631494.2617445, 1581631494.3502586, 1581631494.4225934, 1581631494.4928792, 1581631494.581269, 1581631494.641578, 1581631494.7132523, 1581631494.7844517, 1581631494.8426933, 1581631494.9049857, 1581631494.9753368, 1581631495.0346959, 1581631495.1036897, 1581631495.1505601, 1581631495.2388089, 1581631495.3039875, 1581631495.36648, 1581631495.4511034, 1581631495.5201006, 1581631495.5982082, 1581631495.6672075, 1581631495.7591136, 1581631495.8205955, 1581631495.9052103, 1581631495.9833217, 1581631496.0835643, 1581631496.2684295, 1581631496.353057, 1581631496.4486563, 1581631496.5169845, 1581631496.5993397, 1581631496.6696715, 1581631496.7500205, 1581631496.8203807, 1581631496.898714, 1581631496.9710495, 1581631497.0514529, 1581631497.1197782, 1581631497.1822698, 1581631497.25127, 1581631497.320263, 1581631497.398378, 1581631497.4673786, 1581631497.5363765, 1581631497.6144855, 1581631497.6834862, 1581631497.752487, 1581631497.8214765, 1581631497.8995886, 1581631497.9998279, 1581631498.0742264, 1581631498.1626472, 1581631498.2351468, 1581631498.3041475, 1581631498.3666317, 1581631498.43563, 1581631498.5202518, 1581631498.5892515, 1581631498.651738, 1581631498.7207377, 1581631498.789736, 1581631498.852223, 1581631498.921219, 1581631498.990218, 1581631499.0527027, 1581631499.1373243, 1581631499.2219448, 1581631499.3065636, 1581631499.3755577, 1581631499.453671, 1581631499.538293, 1581631499.6229138, 1581631499.6919117, 1581631499.776528, 1581631499.839019, 1581631499.9236393, 1581631499.9991336, 1581631500.077544, 1581631500.1598964, 1581631500.2302198, 1581631500.3197484, 1581631500.3822339, 1581631500.4512353, 1581631500.5358524, 1581631500.6048512, 1581631500.689464, 1581631500.7675772, 1581631500.8365765, 1581631500.9055753, 1581631500.983685, 1581631501.0683064, 1581631501.137308, 1581631501.2063043, 1581631501.2844124, 1581631501.353413, 1581631501.4224129, 1581631501.507032, 1581631501.5916483, 1581631501.6385179, 1581631501.7387602, 1581631501.8233845, 1581631501.8944101, 1581631501.954707, 1581631502.0230436, 1581631502.1033728, 1581631502.163645, 1581631502.2460895, 1581631502.3164485, 1581631502.4169466, 1581631502.4872925, 1581631502.5475702, 1581631502.6178434, 1581631502.696181, 1581631502.7584877, 1581631502.8389065, 1581631502.9092772, 1581631502.9695802, 1581631503.039886, 1581631503.1302562, 1581631503.1804981, 1581631503.2408228, 1581631503.3111928, 1581631503.371506, 1581631503.4620023, 1581631503.5303323, 1581631503.6126757], "episode_lengths": [10, 9, 8, 11, 8, 9, 10, 9, 9, 9, 8, 11, 8, 9, 10, 8, 10, 8, 9, 10, 8, 9, 9, 10, 9, 10, 10, 8, 9, 10, 10, 9, 9, 9, 9, 10, 9, 9, 9, 10, 9, 9, 9, 10, 9, 9, 9, 10, 9, 11, 10, 10, 9, 10, 10, 10, 9, 8, 10, 9, 9, 10, 9, 9, 8, 10, 10, 10, 10, 10, 8, 9, 10, 10, 11, 9, 9, 9, 10, 9, 9, 10, 9, 8, 9, 9, 8, 8, 10, 10, 9, 9, 10, 9, 9, 11, 8, 10, 10, 10, 10, 9, 10, 10, 10, 10, 9, 9, 9, 10, 10, 8, 9, 10, 9, 10, 9, 8, 10, 10, 8, 9, 9, 11, 10, 10, 10, 8, 9, 10, 11, 9, 8, 9, 9, 9, 10, 9, 9, 10, 10, 9, 9, 11, 10, 11, 9, 10, 9, 10, 10, 9, 10, 9, 10, 9, 9, 9, 9, 11, 9, 9, 10, 9, 10, 10, 9, 10, 9, 10, 9, 11, 9, 11, 10, 10, 10, 9, 10, 8, 10, 10, 10, 9, 8, 9, 9, 9, 10, 10, 10, 9, 10, 8, 9, 9, 8, 10, 9, 10], "episode_rewards": [10.0, 9.0, 8.0, 11.0, 8.0, 9.0, 10.0, 9.0, 9.0, 9.0, 8.0, 11.0, 8.0, 9.0, 10.0, 8.0, 10.0, 8.0, 9.0, 10.0, 8.0, 9.0, 9.0, 10.0, 9.0, 10.0, 10.0, 8.0, 9.0, 10.0, 10.0, 9.0, 9.0, 9.0, 9.0, 10.0, 9.0, 9.0, 9.0, 10.0, 9.0, 9.0, 9.0, 10.0, 9.0, 9.0, 9.0, 10.0, 9.0, 11.0, 10.0, 10.0, 9.0, 10.0, 10.0, 10.0, 9.0, 8.0, 10.0, 9.0, 9.0, 10.0, 9.0, 9.0, 8.0, 10.0, 10.0, 10.0, 10.0, 10.0, 8.0, 9.0, 10.0, 10.0, 11.0, 9.0, 9.0, 9.0, 10.0, 9.0, 9.0, 10.0, 9.0, 8.0, 9.0, 9.0, 8.0, 8.0, 10.0, 10.0, 9.0, 9.0, 10.0, 9.0, 9.0, 11.0, 8.0, 10.0, 10.0, 10.0, 10.0, 9.0, 10.0, 10.0, 10.0, 10.0, 9.0, 9.0, 9.0, 10.0, 10.0, 8.0, 9.0, 10.0, 9.0, 10.0, 9.0, 8.0, 10.0, 10.0, 8.0, 9.0, 9.0, 11.0, 10.0, 10.0, 10.0, 8.0, 9.0, 10.0, 11.0, 9.0, 8.0, 9.0, 9.0, 9.0, 10.0, 9.0, 9.0, 10.0, 10.0, 9.0, 9.0, 11.0, 10.0, 11.0, 9.0, 10.0, 9.0, 10.0, 10.0, 9.0, 10.0, 9.0, 10.0, 9.0, 9.0, 9.0, 9.0, 11.0, 9.0, 9.0, 10.0, 9.0, 10.0, 10.0, 9.0, 10.0, 9.0, 10.0, 9.0, 11.0, 9.0, 11.0, 10.0, 10.0, 10.0, 9.0, 10.0, 8.0, 10.0, 10.0, 10.0, 9.0, 8.0, 9.0, 9.0, 9.0, 10.0, 10.0, 10.0, 9.0, 10.0, 8.0, 9.0, 9.0, 8.0, 10.0, 9.0, 10.0], "episode_types": ["t", "t", "t", "t", "t", "t", "t", "t", "t", "t", "t", "t", "t", "t", "t", "t", "t", "t", "t", "t", "t", "t", "t", "t", "t", "t", "t", "t", "t", "t", "t", "t", "t", "t", "t", "t", "t", "t", "t", "t", "t", "t", "t", "t", "t", "t", "t", "t", "t", "t", "t", "t", "t", "t", "t", "t", "t", "t", "t", "t", "t", "t", "t", "t", "t", "t", "t", "t", "t", "t", "t", "t", "t", "t", "t", "t", "t", "t", "t", "t", "t", "t", "t", "t", "t", "t", "t", "t", "t", "t", "t", "t", "t", "t", "t", "t", "t", "t", "t", "t", "t", "t", "t", "t", "t", "t", "t", "t", "t", "t", "t", "t", "t", "t", "t", "t", "t", "t", "t", "t", "t", "t", "t", "t", "t", "t", "t", "t", "t", "t", "t", "t", "t", "t", "t", "t", "t", "t", "t", "t", "t", "t", "t", "t", "t", "t", "t", "t", "t", "t", "t", "t", "t", "t", "t", "t", "t", "t", "t", "t", "t", "t", "t", "t", "t", "t", "t", "t", "t", "t", "t", "t", "t", "t", "t", "t", "t", "t", "t", "t", "t", "t", "t", "t", "t", "t", "t", "t", "t", "t", "t", "t", "t", "t", "t", "t", "t", "t", "t", "t"]}