{"initial_reset_timestamp": 1581271143.3560388, "timestamps": [1581271143.4926724, 1581271143.6303048, 1581271143.7789073, 1581271143.877643, 1581271144.0741186, 1581271144.2715907, 1581271144.410219, 1581271144.5667999, 1581271144.714407, 1581271144.859019, 1581271145.0594833, 1581271145.1901338, 1581271145.3626728, 1581271145.5312228, 1581271145.642923, 1581271145.8234398, 1581271145.9600747, 1581271146.1445813, 1581271146.284208, 1581271146.4028928, 1581271146.5764265, 1581271146.7020907, 1581271146.8616643, 1581271146.9843366, 1581271147.1349342, 1581271147.2546144, 1581271147.374294, 1581271147.5438404, 1581271147.708401, 1581271147.8250887, 1581271147.9427736, 1581271148.1003535, 1581271148.2649124, 1581271148.4474251, 1581271148.610987, 1581271148.727675, 1581271148.8962252, 1581271149.025877, 1581271149.1934302, 1581271149.3380435, 1581271149.48565, 1581271149.6282673, 1581271149.7978134, 1581271149.90752, 1581271150.0641017, 1581271150.2137017, 1581271150.3752708, 1581271150.4959474, 1581271150.6804545, 1581271150.8101065, 1581271150.924801, 1581271151.0355034, 1581271151.187099, 1581271151.2988012, 1581271151.4324443, 1581271151.5720692, 1581271151.7196753, 1581271151.904181, 1581271152.0886881, 1581271152.2362928, 1581271152.4108272, 1581271152.5285115, 1581271152.6970618, 1581271152.8506498, 1581271153.0191991, 1581271153.1408756, 1581271153.2625513, 1581271153.3732526, 1581271153.5418022, 1581271153.8340209, 1581271154.1003103, 1581271154.343658, 1581271154.531157, 1581271154.6229112, 1581271154.6927245, 1581271154.772512, 1581271154.8522992, 1581271154.9390671, 1581271155.0238397, 1581271155.101631, 1581271155.1764317, 1581271155.2911248, 1581271155.4128013, 1581271155.5155249, 1581271155.6132634, 1581271155.7010298, 1581271155.7868004, 1581271155.863594, 1581271155.9344056, 1581271156.0112002, 1581271156.091985, 1581271156.1777544, 1581271156.2715042, 1581271156.356277, 1581271156.440053, 1581271156.5397866, 1581271156.62157, 1581271156.7203035, 1581271156.8120599, 1581271156.8958344], "episode_lengths": [14, 15, 18, 12, 18, 20, 14, 18, 16, 16, 20, 15, 20, 18, 12, 20, 15, 19, 15, 13, 20, 15, 17, 13, 15, 13, 13, 18, 17, 12, 13, 17, 17, 20, 18, 14, 20, 15, 18, 14, 15, 15, 18, 13, 17, 17, 16, 12, 19, 14, 12, 12, 16, 12, 12, 14, 17, 20, 19, 16, 18, 12, 18, 16, 19, 13, 13, 13, 17, 30, 29, 26, 19, 10, 8, 9, 9, 9, 10, 9, 9, 10, 9, 8, 9, 9, 10, 8, 8, 8, 9, 9, 10, 9, 9, 11, 8, 10, 10, 10], "episode_rewards": [14.0, 15.0, 18.0, 12.0, 18.0, 20.0, 14.0, 18.0, 16.0, 16.0, 20.0, 15.0, 20.0, 18.0, 12.0, 20.0, 15.0, 19.0, 15.0, 13.0, 20.0, 15.0, 17.0, 13.0, 15.0, 13.0, 13.0, 18.0, 17.0, 12.0, 13.0, 17.0, 17.0, 20.0, 18.0, 14.0, 20.0, 15.0, 18.0, 14.0, 15.0, 15.0, 18.0, 13.0, 17.0, 17.0, 16.0, 12.0, 19.0, 14.0, 12.0, 12.0, 16.0, 12.0, 12.0, 14.0, 17.0, 20.0, 19.0, 16.0, 18.0, 12.0, 18.0, 16.0, 19.0, 13.0, 13.0, 13.0, 17.0, 30.0, 29.0, 26.0, 19.0, 10.0, 8.0, 9.0, 9.0, 9.0, 10.0, 9.0, 9.0, 10.0, 9.0, 8.0, 9.0, 9.0, 10.0, 8.0, 8.0, 8.0, 9.0, 9.0, 10.0, 9.0, 9.0, 11.0, 8.0, 10.0, 10.0, 10.0], "episode_types": ["t", "t", "t", "t", "t", "t", "t", "t", "t", "t", "t", "t", "t", "t", "t", "t", "t", "t", "t", "t", "t", "t", "t", "t", "t", "t", "t", "t", "t", "t", "t", "t", "t", "t", "t", "t", "t", "t", "t", "t", "t", "t", "t", "t", "t", "t", "t", "t", "t", "t", "t", "t", "t", "t", "t", "t", "t", "t", "t", "t", "t", "t", "t", "t", "t", "t", "t", "t", "t", "t", "t", "t", "t", "t", "t", "t", "t", "t", "t", "t", "t", "t", "t", "t", "t", "t", "t", "t", "t", "t", "t", "t", "t", "t", "t", "t", "t", "t", "t", "t"]}